<?xml version="1.0" encoding="UTF-8"?>

<beans xmlns="http://www.springframework.org/schema/beans"
    xmlns:mvc="http://www.springframework.org/schema/mvc"
    xmlns:context="http://www.springframework.org/schema/context"
    xmlns:xsi="http://www.w3.org/2001/XMLSchema-instance"
    xsi:schemaLocation="
        http://www.springframework.org/schema/beans
        http://www.springframework.org/schema/beans/spring-beans.xsd
        http://www.springframework.org/schema/mvc
        http://www.springframework.org/schema/mvc/spring-mvc.xsd
        http://www.springframework.org/schema/context
        http://www.springframework.org/schema/context/spring-context.xsd
        "
        >

    <mvc:annotation-driven enable-matrix-variables="true"/>
    
    <context:component-scan base-package="com.spring.mvc"/>
    
    <bean id="viewResolver" class="org.springframework.web.servlet.view.InternalResourceViewResolver">
    
     <property name="prefix" value="/WEB-INF/pages/"></property>
     <property name="suffix" value=".jsp"></property>
    </bean>

</beans>